0,1
baker_brics,good
baker_brics,good
baker_brics,good
baker_brics,good
baker_brics,good
baker_brics,good
baker_brics,good
baker_brics,good
baker_brics,good
baker_brics,good
baker_brics,good
baker_brics,good
baker_brics,good
baker_brics,good
baker_brics,good
baker_brics,good
baker_brics,good
baker_brics,good
baker_brics,good
baker_brics,good
baker_brics,good
baker_brics,good
baker_brics,good
baker_brics,good
baker_brics,good
baker_brics,good
baker_brics,good
baker_brics,good
baker_brics,good
baker_brics,good
baker_brics,good
baker_brics,good
baker_brics,good
baker_brics,good
baker_brics,good
baker_brics,good
baker_brics,good
baker_brics,good
baker_brics,good
baker_brics,good
baker_brics,good
baker_brics,good
baker_brics,good
baker_brics,good
baker_brics,good
baker_brics,good
baker_brics,good
baker_brics,good
baker_brics,good
baker_brics,good
baker_brics,good
baker_brics,good
baker_brics,good
baker_brics,good
baker_brics,good
baker_brics,good
baker_brics,good
baker_brics,good
baker_brics,good
baker_brics,good
baker_brics,good
baker_brics,good
baker_brics,good
baker_brics,good
baker_brics,good
baker_brics,good
baker_brics,good
baker_brics,good
baker_brics,good
baker_brics,good
baker_brics,good
baker_brics,good
baker_brics,good
baker_brics,good
baker_brics,good
baker_brics,good
baker_brics,good
baker_brics,good
baker_brics,good
baker_brics,good
baker_brics,good
baker_brics,good
baker_brics,good
baker_brics,good
baker_brics,good
baker_brics,good
baker_brics,good
baker_brics,good
baker_brics,good
baker_brics,good
baker_brics,good
baker_brics,good
baker_brics,good
baker_brics,good
baker_brics,good
baker_brics,good
baker_brics,good
baker_brics,good
baker_brics,good
baker_brics,good
baker_brics,good
baker_brics,good
baker_brics,good
baker_brics,good
baker_brics,good
baker_brics,good
baker_brics,good
baker_brics,good
baker_brics,good
baker_brics,good
baker_brics,good
baker_brics,good
baker_brics,good
baker_brics,good
baker_brics,good
baker_brics,good
baker_brics,good
baker_brics,good
baker_brics,good
baker_brics,good
baker_brics,good
baker_brics,good
baker_brics,good
baker_brics,good
baker_brics,good
baker_brics,good
baker_brics,good
baker_brics,good
baker_brics,good
baker_brics,good
baker_brics,good
baker_brics,good
baker_brics,good
baker_brics,good
baker_brics,good
baker_brics,good
baker_brics,good
baker_brics,good
baker_brics,good
baker_brics,good
baker_brics,good
baker_brics,good
baker_brics,good
baker_brics,good
baker_brics,good
baker_brics,good
baker_brics,good
baker_brics,good
baker_brics,good
baker_brics,good
baker_brics,good
baker_brics,good
baker_brics,good
baker_brics,good
baker_brics,good
baker_brics,good
baker_brics,good
baker_brics,good
baker_brics,good
baker_brics,good
baker_brics,good
baker_brics,good
baker_brics,good
baker_brics,good
baker_brics,good
baker_brics,good
baker_brics,good
baker_brics,good
baker_brics,good
baker_brics,good
baker_brics,good
baker_brics,good
baker_brics,good
baker_brics,good
baker_brics,good
baker_brics,good
baker_brics,good
baker_brics,good
baker_brics,good
baker_brics,good
baker_brics,good
baker_brics,good
baker_brics,good
baker_brics,good
baker_brics,good
baker_brics,good
baker_brics,good
baker_brics,good
baker_brics,good
baker_brics,good
baker_brics,good
baker_brics,good
baker_brics,good
baker_brics,good
baker_brics,good
baker_brics,good
baker_brics,good
baker_brics,good
baker_brics,good
baker_brics,good
baker_brics,good
baker_brics,good
baker_brics,good
baker_brics,good
baker_brics,good
baker_brics,good
baker_brics,good
baker_brics,good
baker_brics,good
baker_brics,good
baker_brics,good
baker_brics,good
baker_brics,good
baker_brics,good
baker_brics,good
baker_brics,good
baker_brics,good
baker_brics,good
baker_brics,good
baker_brics,good
baker_brics,good
baker_brics,good
baker_brics,good
baker_brics,good
baker_brics,good
baker_brics,good
baker_brics,good
baker_brics,good
baker_brics,good
baker_brics,good
baker_brics,good
baker_brics,good
baker_brics,good
baker_brics,good
baker_brics,good
baker_brics,good
baker_brics,good
baker_brics,good
baker_brics,good
baker_brics,good
baker_brics,good
baker_brics,good
baker_brics,good
baker_brics,good
baker_brics,good
baker_brics,good
baker_brics,good
baker_brics,good
baker_brics,good
baker_brics,good
baker_brics,good
baker_brics,good
baker_brics,good
baker_brics,good
baker_brics,good
baker_brics,good
baker_brics,good
baker_brics,good
baker_brics,good
baker_brics,good
baker_brics,good
baker_brics,good
baker_brics,good
baker_brics,good
baker_brics,good
baker_brics,good
baker_brics,good
baker_brics,good
baker_brics,good
baker_brics,good
baker_brics,good
baker_brics,good
baker_brics,good
baker_brics,good
baker_brics,good
baker_brics,good
baker_brics,good
baker_brics,good
baker_brics,good
baker_brics,good
baker_brics,good
baker_brics,good
baker_brics,good
baker_brics,good
baker_brics,good
baker_brics,good
baker_brics,good
baker_brics,good
baker_brics,good
baker_brics,good
baker_brics,good
baker_brics,good
baker_brics,good
baker_brics,good
baker_brics,good
baker_brics,good
baker_brics,good
baker_brics,good
baker_brics,good
baker_brics,good
baker_brics,good
baker_brics,good
baker_brics,good
baker_brics,good
baker_brics,good
baker_brics,good
baker_brics,good
baker_brics,good
baker_brics,good
baker_brics,good
baker_brics,good
baker_brics,good
baker_brics,good
baker_brics,good
baker_brics,good
baker_brics,good
baker_brics,good
baker_brics,good
baker_brics,good
baker_brics,good
baker_brics,good
baker_brics,good
baker_brics,good
baker_brics,good
baker_brics,good
baker_brics,good
baker_brics,good
baker_brics,good
baker_brics,good
baker_brics,good
baker_brics,good
baker_brics,good
baker_brics,good
baker_brics,good
baker_brics,good
baker_brics,good
baker_brics,good
baker_brics,good
baker_brics,good
baker_brics,good
baker_brics,good
baker_brics,good
baker_brics,good
baker_brics,good
baker_brics,good
baker_brics,good
baker_brics,good
baker_brics,good
baker_brics,good
baker_brics,good
baker_brics,good
baker_brics,good
baker_brics,good
baker_brics,good
baker_brics,good
baker_brics,good
baker_brics,good
baker_brics,good
baker_brics,good
baker_brics,good
baker_brics,good
baker_brics,good
baker_brics,good
baker_brics,good
baker_brics,good
baker_brics,good
baker_brics,good
baker_brics,good
baker_brics,good
baker_brics,good
baker_brics,good
baker_brics,good
baker_brics,good
baker_brics,good
baker_brics,good
baker_brics,good
baker_brics,good
baker_brics,good
baker_brics,good
baker_brics,good
baker_brics,good
baker_brics,good
baker_brics,good
baker_brics,good
baker_brics,good
baker_brics,good
baker_brics,good
baker_brics,good
baker_brics,good
baker_brics,good
baker_brics,good
baker_brics,good
baker_brics,good
baker_brics,good
baker_brics,good
baker_brics,good
baker_brics,good
baker_brics,good
baker_brics,good
baker_brics,good
baker_brics,good
baker_brics,good
baker_brics,good
baker_brics,good
baker_brics,good
baker_brics,good
baker_brics,good
baker_brics,good
baker_brics,good
baker_brics,good
baker_brics,good
baker_brics,good
baker_brics,good
baker_brics,good
baker_brics,good
baker_brics,good
baker_brics,good
baker_brics,good
baker_brics,good
baker_brics,good
baker_brics,good
baker_brics,good
baker_brics,good
baker_brics,good
baker_brics,good
baker_brics,good
baker_brics,good
baker_brics,good
baker_brics,good
baker_brics,good
baker_brics,good
baker_brics,good
baker_brics,good
baker_brics,good
baker_brics,good
baker_brics,good
baker_brics,good
baker_brics,good
baker_brics,good
baker_brics,good
baker_brics,good
baker_brics,good
baker_brics,good
baker_brics,good
baker_brics,good
baker_brics,good
baker_brics,good
baker_brics,good
baker_brics,good
baker_brics,good
baker_brics,good
baker_brics,good
baker_brics,good
baker_brics,good
baker_brics,good
baker_brics,good
baker_brics,good
baker_brics,good
baker_brics,good
baker_brics,good
baker_brics,good
baker_brics,good
baker_brics,good
baker_brics,good
baker_brics,good
baker_brics,good
baker_brics,good
baker_brics,good
baker_brics,good
baker_brics,good
baker_brics,good
baker_brics,good
baker_brics,good
baker_brics,good
baker_brics,good
baker_brics,good
baker_brics,good
baker_brics,good
baker_brics,good
baker_brics,good
baker_brics,good
baker_brics,good
baker_brics,good
baker_brics,good
baker_brics,good
baker_brics,good
baker_brics,good
baker_brics,good
baker_brics,good
baker_brics,good
baker_brics,good
baker_brics,good
baker_brics,good
baker_brics,good
baker_brics,good
baker_brics,bad
baker_brics,bad
baker_brics,bad
baker_brics,bad
baker_brics,bad
baker_brics,bad
baker_brics,bad
baker_brics,bad
baker_brics,bad
baker_brics,bad
baker_brics,bad
baker_brics,bad
baker_brics,bad
baker_brics,bad
baker_brics,bad
baker_brics,bad
baker_brics,bad
baker_brics,bad
baker_brics,bad
baker_brics,bad
baker_brics,bad
baker_brics,bad
baker_brics,bad
baker_brics,bad
baker_brics,bad
baker_brics,bad
baker_brics,bad
baker_brics,bad
baker_brics,bad
baker_brics,bad
baker_brics,bad
baker_brics,bad
baker_brics,bad
baker_brics,bad
baker_brics,bad
baker_brics,bad
baker_brics,bad
baker_brics,bad
baker_brics,bad
baker_brics,bad
baker_brics,bad
baker_brics,bad
baker_brics,bad
baker_brics,bad
baker_brics,bad
baker_brics,bad
baker_brics,bad
baker_brics,bad
baker_brics,bad
baker_brics,bad
baker_brics,bad
baker_brics,bad
baker_brics,bad
baker_brics,bad
baker_brics,bad
baker_brics,bad
baker_brics,bad
baker_brics,bad
baker_brics,bad
baker_brics,bad
baker_brics,bad
baker_brics,bad
baker_brics,bad
baker_brics,bad
baker_brics,bad
baker_brics,bad
baker_brics,bad
baker_brics,bad
baker_brics,bad
baker_brics,bad
baker_brics,bad
baker_brics,bad
baker_brics,bad
baker_brics,bad
baker_brics,bad
baker_brics,bad
baker_brics,bad
baker_brics,bad
baker_brics,bad
baker_brics,bad
baker_brics,bad
baker_brics,bad
baker_brics,bad
baker_brics,bad
baker_brics,bad
baker_brics,bad
baker_brics,bad
baker_brics,bad
baker_brics,bad
baker_brics,bad
baker_brics,bad
baker_brics,bad
baker_brics,bad
baker_brics,bad
baker_brics,bad
baker_brics,bad
baker_brics,bad
baker_brics,bad
baker_brics,bad
baker_brics,bad
baker_brics,bad
baker_brics,bad
baker_brics,bad
baker_brics,bad
baker_brics,bad
baker_brics,bad
baker_brics,bad
baker_brics,bad
baker_brics,bad
baker_brics,bad
baker_brics,bad
baker_brics,bad
baker_brics,bad
baker_brics,bad
baker_brics,bad
baker_brics,bad
baker_brics,bad
baker_brics,bad
baker_brics,bad
baker_brics,bad
baker_brics,bad
baker_brics,bad
baker_brics,bad
baker_brics,bad
baker_brics,bad
baker_brics,bad
baker_brics,bad
baker_brics,bad
baker_brics,bad
baker_brics,bad
baker_brics,bad
baker_brics,bad
baker_brics,bad
baker_brics,bad
baker_brics,bad
baker_brics,bad
baker_brics,bad
baker_brics,bad
baker_brics,bad
baker_brics,bad
baker_brics,bad
baker_brics,bad
baker_brics,bad
baker_brics,bad
baker_brics,bad
baker_brics,bad
baker_brics,bad
baker_brics,bad
baker_brics,bad
baker_brics,bad
baker_brics,bad
baker_brics,bad
baker_brics,bad
baker_brics,bad
baker_brics,bad
baker_brics,bad
baker_brics,bad
baker_brics,bad
baker_brics,bad
baker_brics,bad
baker_brics,bad
baker_brics,bad
baker_brics,bad
baker_brics,bad
baker_brics,bad
baker_brics,bad
baker_brics,bad
baker_brics,bad
baker_brics,bad
baker_brics,bad
baker_brics,bad
baker_brics,bad
baker_brics,bad
baker_brics,bad
baker_brics,bad
baker_brics,bad
baker_brics,bad
baker_brics,bad
baker_brics,bad
baker_brics,bad
baker_brics,bad
baker_brics,bad
baker_brics,bad
baker_brics,bad
baker_brics,bad
baker_brics,bad
baker_brics,bad
baker_brics,bad
baker_brics,bad
baker_brics,bad
baker_brics,bad
baker_brics,bad
baker_brics,bad
baker_brics,bad
baker_brics,bad
baker_brics,bad
baker_brics,bad
baker_brics,bad
baker_brics,bad
baker_brics,bad
baker_brics,bad
baker_brics,bad
baker_brics,bad
baker_brics,bad
baker_brics,bad
baker_brics,bad
baker_brics,bad
baker_brics,bad
baker_brics,bad
baker_brics,bad
baker_brics,bad
baker_brics,bad
baker_brics,bad
baker_brics,bad
baker_brics,bad
baker_brics,bad
baker_brics,bad
baker_brics,bad
baker_brics,bad
baker_brics,bad
baker_brics,bad
baker_brics,bad
baker_brics,bad
baker_brics,bad
baker_brics,bad
baker_brics,bad
baker_brics,bad
baker_brics,bad
baker_brics,bad
baker_brics,bad
baker_brics,bad
baker_brics,bad
baker_brics,bad
baker_brics,bad
baker_brics,bad
baker_brics,bad
baker_brics,bad
baker_brics,bad
baker_brics,bad
baker_brics,bad
baker_brics,bad
baker_brics,bad
baker_brics,bad
baker_brics,bad
baker_brics,bad
baker_brics,bad
baker_brics,bad
baker_brics,bad
baker_brics,bad
baker_brics,bad
baker_brics,bad
baker_brics,bad
baker_brics,bad
baker_brics,bad
baker_brics,bad
baker_brics,bad
baker_brics,bad
baker_brics,bad
baker_brics,bad
baker_brics,bad
baker_brics,bad
baker_brics,bad
baker_brics,bad
baker_brics,bad
baker_brics,bad
baker_brics,bad
baker_brics,bad
baker_brics,bad
baker_brics,bad
baker_brics,bad
baker_brics,bad
baker_brics,bad
baker_brics,bad
baker_brics,bad
baker_brics,bad
baker_brics,bad
baker_brics,bad
baker_brics,bad
baker_brics,bad
baker_brics,bad
baker_brics,bad
baker_brics,bad
baker_brics,bad
baker_brics,bad
baker_brics,bad
baker_brics,bad
baker_brics,bad
baker_brics,bad
baker_brics,bad
baker_brics,bad
baker_brics,bad
baker_brics,bad
baker_brics,bad
baker_brics,bad
baker_brics,bad
baker_brics,bad
baker_brics,bad
baker_brics,bad
baker_brics,bad
baker_brics,bad
baker_brics,bad
baker_brics,bad
baker_brics,bad
baker_brics,bad
baker_brics,bad
baker_brics,bad
baker_brics,bad
baker_brics,bad
baker_brics,bad
baker_brics,bad
baker_brics,bad
baker_brics,bad
baker_brics,bad
baker_brics,bad
baker_brics,bad
baker_brics,bad
baker_brics,bad
baker_brics,bad
baker_brics,bad
baker_brics,bad
baker_brics,bad
baker_brics,bad
baker_brics,bad
baker_brics,bad
baker_brics,bad
baker_brics,bad
baker_brics,bad
baker_brics,bad
baker_brics,bad
baker_brics,bad
baker_brics,bad
baker_brics,bad
baker_brics,bad
baker_brics,bad
baker_brics,bad
baker_brics,bad
baker_brics,bad
baker_brics,bad
baker_brics,bad
baker_brics,bad
baker_brics,bad
baker_brics,bad
baker_brics,bad
baker_brics,bad
baker_brics,bad
baker_brics,bad
baker_brics,bad
baker_brics,bad
baker_brics,bad
baker_brics,bad
baker_brics,bad
baker_brics,bad
baker_brics,bad
baker_brics,bad
baker_brics,bad
baker_brics,bad
baker_brics,bad
baker_brics,bad
baker_brics,bad
baker_brics,bad
baker_brics,bad
baker_brics,bad
baker_brics,bad
baker_brics,bad
baker_brics,bad
baker_brics,bad
baker_brics,bad
baker_brics,bad
baker_brics,bad
baker_brics,bad
baker_brics,bad
baker_brics,bad
baker_brics,bad
baker_brics,bad
baker_brics,bad
baker_brics,bad
baker_brics,bad
baker_brics,bad
baker_brics,bad
baker_brics,bad
baker_brics,bad
baker_brics,bad
baker_brics,bad
baker_brics,bad
baker_brics,bad
baker_brics,bad
baker_brics,bad
baker_brics,bad
baker_brics,bad
baker_brics,bad
baker_brics,bad
baker_brics,bad
baker_brics,bad
baker_brics,bad
baker_brics,bad
baker_brics,bad
baker_brics,bad
baker_brics,bad
baker_brics,bad
baker_brics,bad
baker_brics,bad
baker_brics,bad
baker_brics,bad
baker_brics,bad
baker_brics,bad
baker_brics,bad
baker_brics,bad
baker_brics,bad
baker_brics,bad
baker_brics,bad
baker_brics,bad
baker_brics,bad
baker_brics,bad
baker_brics,bad
baker_brics,bad
baker_brics,bad
baker_brics,bad
baker_brics,bad
baker_brics,bad
baker_brics,bad
baker_brics,bad
baker_brics,bad
baker_brics,bad
baker_brics,bad
baker_brics,bad
baker_brics,bad
baker_brics,bad
baker_brics,bad
baker_brics,bad
baker_brics,bad
baker_brics,bad
baker_brics,bad
baker_brics,bad
baker_brics,bad
baker_brics,bad
baker_brics,bad
baker_brics,bad
baker_brics,bad
baker_brics,bad
baker_brics,bad
baker_brics,bad
baker_brics,bad
baker_brics,bad
baker_brics,bad
baker_brics,bad
baker_brics,bad
baker_brics,bad
baker_brics,bad
baker_brics,bad
baker_brics,bad
baker_brics,bad
baker_brics,bad
baker_brics,bad
baker_brics,bad
baker_brics,bad
baker_brics,bad
baker_brics,bad
baker_brics,bad
baker_brics,bad
baker_brics,bad
baker_brics,bad
baker_brics,bad
baker_brics,bad
baker_brics,bad
baker_brics,bad
baker_brics,bad
baker_brics,bad
baker_brics,bad
baker_brics,bad
baker_brics,bad
baker_brics,bad
baker_brics,bad
baker_brics,bad
baker_brics,bad
baker_brics,bad
baker_brics,bad
baker_brics,bad
baker_brics,bad
baker_brics,bad
baker_brics,bad
baker_brics,bad
baker_brics,bad
baker_brics,bad
baker_brics,bad
baker_brics,bad
baker_brics,bad
baker_brics,bad
baker_brics,bad
baker_brics,bad
baker_brics,bad
baker_brics,bad
baker_brics,bad
baker_brics,bad
baker_brics,bad
baker_brics,bad
baker_brics,bad
baker_brics,bad
baker_brics,bad
baker_brics,bad
baker_brics,bad
baker_hall,good
baker_hall,good
baker_hall,good
baker_hall,good
baker_hall,good
baker_hall,good
baker_hall,good
baker_hall,good
baker_hall,good
baker_hall,good
baker_hall,good
baker_hall,good
baker_hall,good
baker_hall,good
baker_hall,good
baker_hall,good
baker_hall,good
baker_hall,good
baker_hall,good
baker_hall,good
baker_hall,good
baker_hall,good
baker_hall,good
baker_hall,good
baker_hall,good
baker_hall,good
baker_hall,good
baker_hall,good
baker_hall,good
baker_hall,good
baker_hall,good
baker_hall,good
baker_hall,good
baker_hall,good
baker_hall,good
baker_hall,good
baker_hall,good
baker_hall,good
baker_hall,good
baker_hall,good
baker_hall,good
baker_hall,good
baker_hall,good
baker_hall,good
baker_hall,good
baker_hall,good
baker_hall,good
baker_hall,good
baker_hall,good
baker_hall,good
baker_hall,good
baker_hall,good
baker_hall,good
baker_hall,good
baker_hall,good
baker_hall,good
baker_hall,good
baker_hall,good
baker_hall,good
baker_hall,good
baker_hall,good
baker_hall,good
baker_hall,good
baker_hall,good
baker_hall,good
baker_hall,good
baker_hall,good
baker_hall,good
baker_hall,good
baker_hall,good
baker_hall,good
baker_hall,good
baker_hall,good
baker_hall,good
baker_hall,good
baker_hall,good
baker_hall,good
baker_hall,good
baker_hall,good
baker_hall,good
baker_hall,good
baker_hall,good
baker_hall,good
baker_hall,good
baker_hall,good
baker_hall,good
baker_hall,good
baker_hall,good
baker_hall,good
baker_hall,good
baker_hall,good
baker_hall,good
baker_hall,good
baker_hall,good
baker_hall,good
baker_hall,good
baker_hall,good
baker_hall,good
baker_hall,good
baker_hall,good
baker_hall,good
baker_hall,good
baker_hall,good
baker_hall,good
baker_hall,good
baker_hall,good
baker_hall,good
baker_hall,good
baker_hall,good
baker_hall,good
baker_hall,good
baker_hall,good
baker_hall,good
baker_hall,good
baker_hall,good
baker_hall,good
baker_hall,good
baker_hall,good
baker_hall,good
baker_hall,good
baker_hall,good
baker_hall,good
baker_hall,good
baker_hall,good
baker_hall,good
baker_hall,good
baker_hall,good
baker_hall,good
baker_hall,good
baker_hall,good
baker_hall,good
baker_hall,good
baker_hall,good
baker_hall,good
baker_hall,good
baker_hall,good
baker_hall,good
baker_hall,good
baker_hall,good
baker_hall,good
baker_hall,good
baker_hall,good
baker_hall,good
baker_hall,good
baker_hall,good
baker_hall,good
baker_hall,good
baker_hall,good
baker_hall,good
baker_hall,good
baker_hall,good
baker_hall,good
baker_hall,good
baker_hall,good
baker_hall,good
baker_hall,good
baker_hall,good
baker_hall,good
baker_hall,good
baker_hall,good
baker_hall,good
baker_hall,good
baker_hall,good
baker_hall,good
baker_hall,good
baker_hall,good
baker_hall,good
baker_hall,good
baker_hall,good
baker_hall,good
baker_hall,good
baker_hall,good
baker_hall,good
baker_hall,good
baker_hall,good
baker_hall,good
baker_hall,good
baker_hall,good
baker_hall,good
baker_hall,good
baker_hall,good
baker_hall,good
baker_hall,good
baker_hall,good
baker_hall,good
baker_hall,good
baker_hall,good
baker_hall,good
baker_hall,good
baker_hall,good
baker_hall,good
baker_hall,good
baker_hall,good
baker_hall,good
baker_hall,good
baker_hall,good
baker_hall,good
baker_hall,good
baker_hall,good
baker_hall,good
baker_hall,good
baker_hall,good
baker_hall,good
baker_hall,good
baker_hall,good
baker_hall,good
baker_hall,good
baker_hall,good
baker_hall,good
baker_hall,good
baker_hall,good
baker_hall,good
baker_hall,good
baker_hall,good
baker_hall,good
baker_hall,good
baker_hall,good
baker_hall,good
baker_hall,good
baker_hall,good
baker_hall,good
baker_hall,good
baker_hall,good
baker_hall,good
baker_hall,good
baker_hall,good
baker_hall,good
baker_hall,good
baker_hall,good
baker_hall,good
baker_hall,good
baker_hall,good
baker_hall,good
baker_hall,good
baker_hall,good
baker_hall,good
baker_hall,good
baker_hall,good
baker_hall,good
baker_hall,good
baker_hall,good
baker_hall,good
baker_hall,good
baker_hall,good
baker_hall,good
baker_hall,good
baker_hall,good
baker_hall,good
baker_hall,good
baker_hall,good
baker_hall,good
baker_hall,good
baker_hall,good
baker_hall,good
baker_hall,good
baker_hall,good
baker_hall,good
baker_hall,good
baker_hall,good
baker_hall,good
baker_hall,good
baker_hall,good
baker_hall,good
baker_hall,good
baker_hall,good
baker_hall,good
baker_hall,good
baker_hall,good
baker_hall,good
baker_hall,good
baker_hall,good
baker_hall,good
baker_hall,good
baker_hall,good
baker_hall,good
baker_hall,good
baker_hall,good
baker_hall,good
baker_hall,good
baker_hall,good
baker_hall,good
baker_hall,good
baker_hall,good
baker_hall,good
baker_hall,good
baker_hall,good
baker_hall,good
baker_hall,good
baker_hall,good
baker_hall,good
baker_hall,good
baker_hall,good
baker_hall,good
baker_hall,good
baker_hall,good
baker_hall,good
baker_hall,good
baker_hall,good
baker_hall,good
baker_hall,good
baker_hall,good
baker_hall,good
baker_hall,good
baker_hall,good
baker_hall,good
baker_hall,good
baker_hall,good
baker_hall,good
baker_hall,good
baker_hall,good
baker_hall,good
baker_hall,good
baker_hall,good
baker_hall,good
baker_hall,good
baker_hall,good
baker_hall,good
baker_hall,good
baker_hall,good
baker_hall,good
baker_hall,good
baker_hall,good
baker_hall,good
baker_hall,good
baker_hall,good
baker_hall,good
baker_hall,good
baker_hall,good
baker_hall,good
baker_hall,good
baker_hall,good
baker_hall,good
baker_hall,good
baker_hall,good
baker_hall,good
baker_hall,good
baker_hall,good
baker_hall,good
baker_hall,good
baker_hall,good
baker_hall,good
baker_hall,good
baker_hall,good
baker_hall,good
baker_hall,good
baker_hall,good
baker_hall,good
baker_hall,good
baker_hall,good
baker_hall,good
baker_hall,good
baker_hall,good
baker_hall,good
baker_hall,good
baker_hall,good
baker_hall,good
baker_hall,good
baker_hall,good
baker_hall,good
baker_hall,good
baker_hall,good
baker_hall,good
baker_hall,good
baker_hall,good
baker_hall,good
baker_hall,good
baker_hall,good
baker_hall,good
baker_hall,good
baker_hall,good
baker_hall,good
baker_hall,good
baker_hall,good
baker_hall,good
baker_hall,good
baker_hall,good
baker_hall,good
baker_hall,good
baker_hall,good
baker_hall,good
baker_hall,good
baker_hall,good
baker_hall,good
baker_hall,good
baker_hall,good
baker_hall,good
baker_hall,good
baker_hall,good
baker_hall,good
baker_hall,good
baker_hall,good
baker_hall,good
baker_hall,good
baker_hall,good
baker_hall,good
baker_hall,good
baker_hall,good
baker_hall,good
baker_hall,good
baker_hall,good
baker_hall,good
baker_hall,good
baker_hall,good
baker_hall,good
baker_hall,good
baker_hall,good
baker_hall,good
baker_hall,good
baker_hall,good
baker_hall,good
baker_hall,good
baker_hall,good
baker_hall,good
baker_hall,good
baker_hall,good
baker_hall,good
baker_hall,good
baker_hall,good
baker_hall,good
baker_hall,good
baker_hall,good
baker_hall,good
baker_hall,good
baker_hall,good
baker_hall,good
baker_hall,good
baker_hall,good
baker_hall,good
baker_hall,good
baker_hall,good
baker_hall,good
baker_hall,good
baker_hall,good
baker_hall,good
baker_hall,good
baker_hall,good
baker_hall,good
baker_hall,good
baker_hall,good
baker_hall,good
baker_hall,good
baker_hall,good
baker_hall,good
baker_hall,good
baker_hall,good
baker_hall,good
baker_hall,good
baker_hall,good
baker_hall,good
baker_hall,good
baker_hall,good
baker_hall,good
baker_hall,good
baker_hall,good
baker_hall,good
baker_hall,good
baker_hall,good
baker_hall,good
baker_hall,good
baker_hall,good
baker_hall,good
baker_hall,good
baker_hall,good
baker_hall,good
baker_hall,good
baker_hall,good
baker_hall,good
baker_hall,good
baker_hall,good
baker_hall,good
baker_hall,good
baker_hall,good
baker_hall,good
baker_hall,good
baker_hall,good
baker_hall,good
baker_hall,good
baker_hall,good
baker_hall,good
baker_hall,good
baker_hall,good
baker_hall,good
baker_hall,good
baker_hall,good
baker_hall,good
baker_hall,good
baker_hall,good
baker_hall,good
baker_hall,good
baker_hall,good
baker_hall,good
baker_hall,good
baker_hall,good
baker_hall,good
baker_hall,good
baker_hall,bad
baker_hall,bad
baker_hall,bad
baker_hall,bad
baker_hall,bad
baker_hall,bad
baker_hall,bad
baker_hall,bad
baker_hall,bad
baker_hall,bad
baker_hall,bad
baker_hall,bad
baker_hall,bad
baker_hall,bad
baker_hall,bad
baker_hall,bad
baker_hall,bad
baker_hall,bad
baker_hall,bad
baker_hall,bad
baker_hall,bad
baker_hall,bad
baker_hall,bad
baker_hall,bad
baker_hall,bad
baker_hall,bad
baker_hall,bad
baker_hall,bad
baker_hall,bad
baker_hall,bad
baker_hall,bad
baker_hall,bad
baker_hall,bad
baker_hall,bad
baker_hall,bad
baker_hall,bad
baker_hall,bad
baker_hall,bad
baker_hall,bad
baker_hall,bad
baker_hall,bad
baker_hall,bad
baker_hall,bad
baker_hall,bad
baker_hall,bad
baker_hall,bad
baker_hall,bad
baker_hall,bad
baker_hall,bad
baker_hall,bad
baker_hall,bad
baker_hall,bad
baker_hall,bad
baker_hall,bad
baker_hall,bad
baker_hall,bad
baker_hall,bad
baker_hall,bad
baker_hall,bad
baker_hall,bad
baker_hall,bad
baker_hall,bad
baker_hall,bad
baker_hall,bad
baker_hall,bad
baker_hall,bad
baker_hall,bad
baker_hall,bad
baker_hall,bad
baker_hall,bad
baker_hall,bad
baker_hall,bad
baker_hall,bad
baker_hall,bad
baker_hall,bad
baker_hall,bad
baker_hall,bad
baker_hall,bad
baker_hall,bad
baker_hall,bad
baker_hall,bad
baker_hall,bad
baker_hall,bad
baker_hall,bad
baker_hall,bad
baker_hall,bad
baker_hall,bad
baker_hall,bad
baker_hall,bad
baker_hall,bad
baker_hall,bad
baker_hall,bad
baker_hall,bad
baker_hall,bad
baker_hall,bad
baker_hall,bad
baker_hall,bad
baker_hall,bad
baker_hall,bad
baker_hall,bad
baker_hall,bad
baker_hall,bad
baker_hall,bad
baker_hall,bad
baker_hall,bad
baker_hall,bad
baker_hall,bad
baker_hall,bad
baker_hall,bad
baker_hall,bad
baker_hall,bad
baker_hall,bad
baker_hall,bad
baker_hall,bad
baker_hall,bad
baker_hall,bad
baker_hall,bad
baker_hall,bad
baker_hall,bad
baker_hall,bad
baker_hall,bad
baker_hall,bad
baker_hall,bad
baker_hall,bad
baker_hall,bad
baker_hall,bad
baker_hall,bad
baker_hall,bad
baker_hall,bad
baker_hall,bad
baker_hall,bad
baker_hall,bad
baker_hall,bad
baker_hall,bad
baker_hall,bad
baker_hall,bad
baker_hall,bad
baker_hall,bad
baker_hall,bad
baker_hall,bad
baker_hall,bad
baker_hall,bad
baker_hall,bad
baker_hall,bad
baker_hall,bad
baker_hall,bad
baker_hall,bad
baker_hall,bad
baker_hall,bad
baker_hall,bad
baker_hall,bad
baker_hall,bad
baker_hall,bad
baker_hall,bad
baker_hall,bad
baker_hall,bad
baker_hall,bad
baker_hall,bad
baker_hall,bad
baker_hall,bad
baker_hall,bad
baker_hall,bad
baker_hall,bad
baker_hall,bad
baker_hall,bad
baker_hall,bad
baker_hall,bad
baker_hall,bad
baker_hall,bad
baker_hall,bad
baker_hall,bad
baker_hall,bad
baker_hall,bad
baker_hall,bad
baker_hall,bad
baker_hall,bad
baker_hall,bad
baker_hall,bad
baker_hall,bad
baker_hall,bad
baker_hall,bad
baker_hall,bad
baker_hall,bad
baker_hall,bad
baker_hall,bad
baker_hall,bad
baker_hall,bad
baker_hall,bad
baker_hall,bad
baker_hall,bad
baker_hall,bad
baker_hall,bad
baker_hall,bad
baker_hall,bad
baker_hall,bad
baker_hall,bad
baker_hall,bad
baker_hall,bad
baker_hall,bad
baker_hall,bad
baker_hall,bad
baker_hall,bad
baker_hall,bad
baker_hall,bad
baker_hall,bad
baker_hall,bad
baker_hall,bad
baker_hall,bad
baker_hall,bad
baker_hall,bad
baker_hall,bad
baker_hall,bad
baker_hall,bad
baker_hall,bad
baker_hall,bad
baker_hall,bad
baker_hall,bad
baker_hall,bad
baker_hall,bad
baker_hall,bad
baker_hall,bad
baker_hall,bad
baker_hall,bad
baker_hall,bad
baker_hall,bad
baker_hall,bad
baker_hall,bad
baker_hall,bad
baker_hall,bad
baker_hall,bad
baker_hall,bad
baker_hall,bad
baker_hall,bad
baker_hall,bad
baker_hall,bad
baker_hall,bad
baker_hall,bad
baker_hall,bad
baker_hall,bad
baker_hall,bad
baker_hall,bad
baker_hall,bad
baker_hall,bad
baker_hall,bad
baker_hall,bad
baker_hall,bad
baker_hall,bad
baker_hall,bad
baker_hall,bad
baker_hall,bad
baker_hall,bad
baker_hall,bad
baker_hall,bad
baker_hall,bad
baker_hall,bad
baker_hall,bad
baker_hall,bad
baker_hall,bad
baker_hall,bad
baker_hall,bad
baker_hall,bad
baker_hall,bad
baker_hall,bad
baker_hall,bad
baker_hall,bad
baker_hall,bad
baker_hall,bad
baker_hall,bad
baker_hall,bad
baker_hall,bad
baker_hall,bad
baker_hall,bad
baker_hall,bad
baker_hall,bad
baker_hall,bad
baker_hall,bad
baker_hall,bad
baker_hall,bad
baker_hall,bad
baker_hall,bad
baker_hall,bad
baker_hall,bad
baker_hall,bad
baker_hall,bad
baker_hall,bad
baker_hall,bad
baker_hall,bad
baker_hall,bad
baker_hall,bad
baker_hall,bad
baker_hall,bad
baker_hall,bad
baker_hall,bad
baker_hall,bad
baker_hall,bad
baker_hall,bad
baker_hall,bad
baker_hall,bad
baker_hall,bad
baker_hall,bad
baker_hall,bad
baker_hall,bad
baker_hall,bad
baker_hall,bad
baker_hall,bad
baker_hall,bad
baker_hall,bad
baker_hall,bad
baker_hall,bad
baker_hall,bad
baker_hall,bad
baker_hall,bad
baker_hall,bad
baker_hall,bad
baker_hall,bad
baker_hall,bad
baker_hall,bad
baker_hall,bad
baker_hall,bad
baker_hall,bad
baker_hall,bad
baker_hall,bad
baker_hall,bad
baker_hall,bad
baker_hall,bad
baker_hall,bad
baker_hall,bad
baker_hall,bad
baker_hall,bad
baker_hall,bad
baker_hall,bad
baker_hall,bad
baker_hall,bad
baker_hall,bad
baker_hall,bad
baker_hall,bad
baker_hall,bad
baker_hall,bad
baker_hall,bad
baker_hall,bad
baker_hall,bad
baker_hall,bad
baker_hall,bad
baker_hall,bad
baker_hall,bad
baker_hall,bad
baker_hall,bad
baker_hall,bad
baker_hall,bad
baker_hall,bad
baker_hall,bad
baker_hall,bad
baker_hall,bad
baker_hall,bad
baker_hall,bad
baker_hall,bad
baker_hall,bad
baker_hall,bad
baker_hall,bad
baker_hall,bad
baker_hall,bad
baker_hall,bad
baker_hall,bad
baker_hall,bad
baker_hall,bad
baker_hall,bad
baker_hall,bad
baker_hall,bad
baker_hall,bad
baker_hall,bad
baker_hall,bad
baker_hall,bad
baker_hall,bad
baker_hall,bad
baker_hall,bad
baker_hall,bad
baker_hall,bad
baker_hall,bad
baker_hall,bad
baker_hall,bad
baker_hall,bad
baker_hall,bad
baker_hall,bad
baker_hall,bad
baker_hall,bad
baker_hall,bad
baker_hall,bad
baker_hall,bad
baker_hall,bad
baker_hall,bad
baker_hall,bad
baker_hall,bad
baker_hall,bad
baker_hall,bad
baker_hall,bad
baker_hall,bad
baker_hall,bad
baker_hall,bad
baker_hall,bad
baker_hall,bad
baker_hall,bad
baker_hall,bad
baker_hall,bad
baker_hall,bad
baker_hall,bad
baker_hall,bad
baker_hall,bad
baker_hall,bad
baker_hall,bad
baker_hall,bad
baker_hall,bad
baker_hall,bad
baker_hall,bad
baker_hall,bad
baker_hall,bad
baker_hall,bad
baker_hall,bad
baker_hall,bad
baker_hall,bad
baker_hall,bad
baker_hall,bad
baker_hall,bad
baker_hall,bad
baker_hall,bad
baker_hall,bad
baker_hall,bad
baker_hall,bad
baker_hall,bad
baker_hall,bad
baker_hall,bad
baker_hall,bad
baker_hall,bad
baker_hall,bad
baker_hall,bad
baker_hall,bad
baker_hall,bad
baker_hall,bad
baker_hall,bad
baker_hall,bad
baker_hall,bad
baker_hall,bad
baker_hall,bad
baker_hall,bad
baker_hall,bad
baker_hall,bad
baker_hall,bad
baker_hall,bad
baker_hall,bad
baker_hall,bad
baker_hall,bad
baker_hall,bad
baker_hall,bad
baker_hall,bad
baker_hall,bad
baker_hall,bad
baker_hall,bad
baker_hall,bad
baker_hall,bad
baker_hall,bad
baker_hall,bad
baker_hall,bad
baker_hall,bad
baker_hall,bad
baker_hall,bad
baker_hall,bad
baker_hall,bad
baker_hall,bad
baker_hall,bad
baker_hall,bad
baker_hall,bad
baker_hall,bad
baker_hall,bad
baker_hall,bad
baker_hall,bad
baker_hall,bad
baker_hall,bad
baker_hall,bad
baker_hall,bad
baker_hall,bad
baker_hall,bad
baker_hall,bad
baker_hall,bad
baker_hall,bad
baker_hall,bad
baker_hall,bad
baker_hall,bad
baker_hall,bad
baker_hall,bad
baker_hall,bad
baker_hall,bad
baker_hall,bad
baker_hall,bad
baker_hall,bad
baker_hall,bad
office_wall,good
office_wall,good
office_wall,good
office_wall,good
office_wall,good
office_wall,good
office_wall,good
office_wall,good
office_wall,good
office_wall,good
office_wall,good
office_wall,good
office_wall,good
office_wall,good
office_wall,good
office_wall,good
office_wall,good
office_wall,good
office_wall,good
office_wall,good
office_wall,good
office_wall,good
office_wall,good
office_wall,good
office_wall,good
office_wall,good
office_wall,good
office_wall,good
office_wall,good
office_wall,good
office_wall,good
office_wall,good
office_wall,good
office_wall,good
office_wall,good
office_wall,good
office_wall,good
office_wall,good
office_wall,good
office_wall,good
office_wall,good
office_wall,good
office_wall,good
office_wall,good
office_wall,good
office_wall,good
office_wall,good
office_wall,good
office_wall,good
office_wall,good
office_wall,good
office_wall,good
office_wall,good
office_wall,good
office_wall,good
office_wall,good
office_wall,good
office_wall,good
office_wall,good
office_wall,good
office_wall,good
office_wall,good
office_wall,good
office_wall,good
office_wall,good
office_wall,good
office_wall,good
office_wall,good
office_wall,good
office_wall,good
office_wall,good
office_wall,good
office_wall,good
office_wall,good
office_wall,good
office_wall,good
office_wall,good
office_wall,good
office_wall,good
office_wall,good
office_wall,good
office_wall,good
office_wall,good
office_wall,good
office_wall,good
office_wall,good
office_wall,good
office_wall,good
office_wall,good
office_wall,good
office_wall,good
office_wall,good
office_wall,good
office_wall,good
office_wall,good
office_wall,good
office_wall,good
office_wall,good
office_wall,good
office_wall,good
office_wall,good
office_wall,good
office_wall,good
office_wall,good
office_wall,good
office_wall,good
office_wall,good
office_wall,good
office_wall,good
office_wall,good
office_wall,good
office_wall,good
office_wall,good
office_wall,good
office_wall,good
office_wall,good
office_wall,good
office_wall,good
office_wall,good
office_wall,good
office_wall,good
office_wall,good
office_wall,good
office_wall,good
office_wall,good
office_wall,good
office_wall,good
office_wall,good
office_wall,good
office_wall,good
office_wall,good
office_wall,good
office_wall,good
office_wall,good
office_wall,good
office_wall,good
office_wall,good
office_wall,good
office_wall,good
office_wall,good
office_wall,good
office_wall,good
office_wall,good
office_wall,good
office_wall,good
office_wall,good
office_wall,good
office_wall,good
office_wall,good
office_wall,good
office_wall,good
office_wall,good
office_wall,good
office_wall,good
office_wall,good
office_wall,good
office_wall,good
office_wall,good
office_wall,good
office_wall,good
office_wall,good
office_wall,good
office_wall,good
office_wall,good
office_wall,good
office_wall,good
office_wall,good
office_wall,good
office_wall,good
office_wall,good
office_wall,good
office_wall,good
office_wall,good
office_wall,good
office_wall,good
office_wall,good
office_wall,good
office_wall,good
office_wall,good
office_wall,good
office_wall,good
office_wall,good
office_wall,good
office_wall,good
office_wall,good
office_wall,good
office_wall,good
office_wall,good
office_wall,good
office_wall,good
office_wall,good
office_wall,good
office_wall,good
office_wall,good
office_wall,good
office_wall,good
office_wall,good
office_wall,good
office_wall,good
office_wall,good
office_wall,good
office_wall,good
office_wall,good
office_wall,good
office_wall,good
office_wall,good
office_wall,good
office_wall,good
office_wall,good
office_wall,good
office_wall,good
office_wall,good
office_wall,good
office_wall,good
office_wall,good
office_wall,good
office_wall,good
office_wall,good
office_wall,good
office_wall,good
office_wall,good
office_wall,good
office_wall,good
office_wall,good
office_wall,good
office_wall,good
office_wall,good
office_wall,good
office_wall,good
office_wall,good
office_wall,good
office_wall,good
office_wall,good
office_wall,good
office_wall,good
office_wall,good
office_wall,good
office_wall,good
office_wall,good
office_wall,good
office_wall,good
office_wall,good
office_wall,good
office_wall,good
office_wall,good
office_wall,good
office_wall,good
office_wall,good
office_wall,good
office_wall,good
office_wall,good
office_wall,good
office_wall,good
office_wall,good
office_wall,good
office_wall,good
office_wall,good
office_wall,good
office_wall,good
office_wall,good
office_wall,good
office_wall,good
office_wall,good
office_wall,good
office_wall,good
office_wall,good
office_wall,good
office_wall,good
office_wall,good
office_wall,good
office_wall,good
office_wall,good
office_wall,good
office_wall,good
office_wall,good
office_wall,good
office_wall,good
office_wall,good
office_wall,good
office_wall,good
office_wall,good
office_wall,good
office_wall,good
office_wall,good
office_wall,good
office_wall,good
office_wall,good
office_wall,good
office_wall,good
office_wall,good
office_wall,good
office_wall,good
office_wall,good
office_wall,good
office_wall,good
office_wall,good
office_wall,good
office_wall,good
office_wall,good
office_wall,good
office_wall,good
office_wall,good
office_wall,good
office_wall,good
office_wall,good
office_wall,good
office_wall,good
office_wall,good
office_wall,good
office_wall,good
office_wall,good
office_wall,good
office_wall,good
office_wall,good
office_wall,good
office_wall,good
office_wall,good
office_wall,good
office_wall,good
office_wall,good
office_wall,good
office_wall,good
office_wall,good
office_wall,good
office_wall,good
office_wall,good
office_wall,good
office_wall,good
office_wall,good
office_wall,good
office_wall,good
office_wall,good
office_wall,good
office_wall,good
office_wall,good
office_wall,good
office_wall,good
office_wall,good
office_wall,good
office_wall,good
office_wall,good
office_wall,good
office_wall,good
office_wall,good
office_wall,good
office_wall,good
office_wall,good
office_wall,good
office_wall,good
office_wall,good
office_wall,good
office_wall,good
office_wall,good
office_wall,good
office_wall,good
office_wall,good
office_wall,good
office_wall,good
office_wall,good
office_wall,good
office_wall,good
office_wall,good
office_wall,good
office_wall,good
office_wall,good
office_wall,good
office_wall,good
office_wall,good
office_wall,good
office_wall,good
office_wall,good
office_wall,good
office_wall,good
office_wall,good
office_wall,good
office_wall,good
office_wall,good
office_wall,good
office_wall,good
office_wall,good
office_wall,good
office_wall,good
office_wall,good
office_wall,good
office_wall,good
office_wall,good
office_wall,good
office_wall,good
office_wall,good
office_wall,good
office_wall,good
office_wall,good
office_wall,good
office_wall,good
office_wall,good
office_wall,good
office_wall,good
office_wall,good
office_wall,good
office_wall,good
office_wall,good
office_wall,good
office_wall,good
office_wall,good
office_wall,good
office_wall,good
office_wall,good
office_wall,good
office_wall,good
office_wall,good
office_wall,good
office_wall,good
office_wall,good
office_wall,good
office_wall,good
office_wall,good
office_wall,good
office_wall,good
office_wall,good
office_wall,good
office_wall,good
office_wall,good
office_wall,good
office_wall,good
office_wall,good
office_wall,good
office_wall,good
office_wall,good
office_wall,good
office_wall,good
office_wall,good
office_wall,good
office_wall,good
office_wall,good
office_wall,good
office_wall,good
office_wall,good
office_wall,good
office_wall,good
office_wall,good
office_wall,good
office_wall,good
office_wall,good
office_wall,good
office_wall,good
office_wall,good
office_wall,good
office_wall,good
office_wall,good
office_wall,good
office_wall,good
office_wall,good
office_wall,good
office_wall,good
office_wall,good
office_wall,good
office_wall,good
office_wall,good
office_wall,good
office_wall,good
office_wall,good
office_wall,good
office_wall,good
office_wall,good
office_wall,good
office_wall,good
office_wall,good
office_wall,good
office_wall,good
office_wall,good
office_wall,good
office_wall,good
office_wall,good
office_wall,good
office_wall,good
office_wall,good
office_wall,good
office_wall,good
office_wall,good
office_wall,good
office_wall,good
office_wall,good
office_wall,good
office_wall,good
office_wall,good
office_wall,good
office_wall,good
office_wall,good
office_wall,good
office_wall,good
office_wall,good
office_wall,good
office_wall,good
office_wall,good
office_wall,good
office_wall,bad
office_wall,bad
office_wall,bad
office_wall,bad
office_wall,bad
office_wall,bad
office_wall,bad
office_wall,bad
office_wall,bad
office_wall,bad
office_wall,bad
office_wall,bad
office_wall,bad
office_wall,bad
office_wall,bad
office_wall,bad
office_wall,bad
office_wall,bad
office_wall,bad
office_wall,bad
office_wall,bad
office_wall,bad
office_wall,bad
office_wall,bad
office_wall,bad
office_wall,bad
office_wall,bad
office_wall,bad
office_wall,bad
office_wall,bad
office_wall,bad
office_wall,bad
office_wall,bad
office_wall,bad
office_wall,bad
office_wall,bad
office_wall,bad
office_wall,bad
office_wall,bad
office_wall,bad
office_wall,bad
office_wall,bad
office_wall,bad
office_wall,bad
office_wall,bad
office_wall,bad
office_wall,bad
office_wall,bad
office_wall,bad
office_wall,bad
office_wall,bad
office_wall,bad
office_wall,bad
office_wall,bad
office_wall,bad
office_wall,bad
office_wall,bad
office_wall,bad
office_wall,bad
office_wall,bad
office_wall,bad
office_wall,bad
office_wall,bad
office_wall,bad
office_wall,bad
office_wall,bad
office_wall,bad
office_wall,bad
office_wall,bad
office_wall,bad
office_wall,bad
office_wall,bad
office_wall,bad
office_wall,bad
office_wall,bad
office_wall,bad
office_wall,bad
office_wall,bad
office_wall,bad
office_wall,bad
office_wall,bad
office_wall,bad
office_wall,bad
office_wall,bad
office_wall,bad
office_wall,bad
office_wall,bad
office_wall,bad
office_wall,bad
office_wall,bad
office_wall,bad
office_wall,bad
office_wall,bad
office_wall,bad
office_wall,bad
office_wall,bad
office_wall,bad
office_wall,bad
office_wall,bad
office_wall,bad
office_wall,bad
office_wall,bad
office_wall,bad
office_wall,bad
office_wall,bad
office_wall,bad
office_wall,bad
office_wall,bad
office_wall,bad
office_wall,bad
office_wall,bad
office_wall,bad
office_wall,bad
office_wall,bad
office_wall,bad
office_wall,bad
office_wall,bad
office_wall,bad
office_wall,bad
office_wall,bad
office_wall,bad
office_wall,bad
office_wall,bad
office_wall,bad
office_wall,bad
office_wall,bad
office_wall,bad
office_wall,bad
office_wall,bad
office_wall,bad
office_wall,bad
office_wall,bad
office_wall,bad
office_wall,bad
office_wall,bad
office_wall,bad
office_wall,bad
office_wall,bad
office_wall,bad
office_wall,bad
office_wall,bad
office_wall,bad
office_wall,bad
office_wall,bad
office_wall,bad
office_wall,bad
office_wall,bad
office_wall,bad
office_wall,bad
office_wall,bad
office_wall,bad
office_wall,bad
office_wall,bad
office_wall,bad
office_wall,bad
office_wall,bad
office_wall,bad
office_wall,bad
office_wall,bad
office_wall,bad
office_wall,bad
office_wall,bad
office_wall,bad
office_wall,bad
office_wall,bad
office_wall,bad
office_wall,bad
office_wall,bad
office_wall,bad
office_wall,bad
office_wall,bad
office_wall,bad
office_wall,bad
office_wall,bad
office_wall,bad
office_wall,bad
office_wall,bad
office_wall,bad
office_wall,bad
office_wall,bad
office_wall,bad
office_wall,bad
office_wall,bad
office_wall,bad
office_wall,bad
office_wall,bad
office_wall,bad
office_wall,bad
office_wall,bad
office_wall,bad
office_wall,bad
office_wall,bad
office_wall,bad
office_wall,bad
office_wall,bad
office_wall,bad
office_wall,bad
office_wall,bad
office_wall,bad
office_wall,bad
office_wall,bad
office_wall,bad
office_wall,bad
office_wall,bad
office_wall,bad
office_wall,bad
office_wall,bad
office_wall,bad
office_wall,bad
office_wall,bad
office_wall,bad
office_wall,bad
office_wall,bad
office_wall,bad
office_wall,bad
office_wall,bad
office_wall,bad
office_wall,bad
office_wall,bad
office_wall,bad
office_wall,bad
office_wall,bad
office_wall,bad
office_wall,bad
office_wall,bad
office_wall,bad
office_wall,bad
office_wall,bad
office_wall,bad
office_wall,bad
office_wall,bad
office_wall,bad
office_wall,bad
office_wall,bad
office_wall,bad
office_wall,bad
office_wall,bad
office_wall,bad
office_wall,bad
office_wall,bad
office_wall,bad
office_wall,bad
office_wall,bad
office_wall,bad
office_wall,bad
office_wall,bad
office_wall,bad
office_wall,bad
office_wall,bad
office_wall,bad
office_wall,bad
office_wall,bad
office_wall,bad
office_wall,bad
office_wall,bad
office_wall,bad
office_wall,bad
office_wall,bad
office_wall,bad
office_wall,bad
office_wall,bad
office_wall,bad
office_wall,bad
office_wall,bad
office_wall,bad
office_wall,bad
office_wall,bad
office_wall,bad
office_wall,bad
office_wall,bad
office_wall,bad
office_wall,bad
office_wall,bad
office_wall,bad
office_wall,bad
office_wall,bad
office_wall,bad
office_wall,bad
office_wall,bad
office_wall,bad
office_wall,bad
office_wall,bad
office_wall,bad
office_wall,bad
office_wall,bad
office_wall,bad
office_wall,bad
office_wall,bad
office_wall,bad
office_wall,bad
office_wall,bad
office_wall,bad
office_wall,bad
office_wall,bad
office_wall,bad
office_wall,bad
office_wall,bad
office_wall,bad
office_wall,bad
office_wall,bad
office_wall,bad
office_wall,bad
office_wall,bad
office_wall,bad
office_wall,bad
office_wall,bad
office_wall,bad
office_wall,bad
office_wall,bad
office_wall,bad
office_wall,bad
office_wall,bad
office_wall,bad
office_wall,bad
office_wall,bad
office_wall,bad
office_wall,bad
office_wall,bad
office_wall,bad
office_wall,bad
office_wall,bad
office_wall,bad
office_wall,bad
office_wall,bad
office_wall,bad
office_wall,bad
office_wall,bad
office_wall,bad
office_wall,bad
office_wall,bad
office_wall,bad
office_wall,bad
office_wall,bad
office_wall,bad
office_wall,bad
office_wall,bad
office_wall,bad
office_wall,bad
office_wall,bad
office_wall,bad
office_wall,bad
office_wall,bad
office_wall,bad
office_wall,bad
office_wall,bad
office_wall,bad
office_wall,bad
office_wall,bad
office_wall,bad
office_wall,bad
office_wall,bad
office_wall,bad
office_wall,bad
office_wall,bad
office_wall,bad
office_wall,bad
office_wall,bad
office_wall,bad
office_wall,bad
office_wall,bad
office_wall,bad
office_wall,bad
office_wall,bad
office_wall,bad
office_wall,bad
office_wall,bad
office_wall,bad
office_wall,bad
office_wall,bad
office_wall,bad
office_wall,bad
office_wall,bad
office_wall,bad
office_wall,bad
office_wall,bad
office_wall,bad
office_wall,bad
office_wall,bad
office_wall,bad
office_wall,bad
office_wall,bad
office_wall,bad
office_wall,bad
office_wall,bad
office_wall,bad
office_wall,bad
office_wall,bad
office_wall,bad
office_wall,bad
office_wall,bad
office_wall,bad
office_wall,bad
office_wall,bad
office_wall,bad
office_wall,bad
office_wall,bad
office_wall,bad
office_wall,bad
office_wall,bad
office_wall,bad
office_wall,bad
office_wall,bad
office_wall,bad
office_wall,bad
office_wall,bad
office_wall,bad
office_wall,bad
office_wall,bad
office_wall,bad
office_wall,bad
office_wall,bad
office_wall,bad
office_wall,bad
office_wall,bad
office_wall,bad
office_wall,bad
office_wall,bad
office_wall,bad
office_wall,bad
office_wall,bad
office_wall,bad
office_wall,bad
office_wall,bad
office_wall,bad
office_wall,bad
office_wall,bad
office_wall,bad
office_wall,bad
office_wall,bad
office_wall,bad
office_wall,bad
office_wall,bad
office_wall,bad
office_wall,bad
office_wall,bad
office_wall,bad
office_wall,bad
office_wall,bad
office_wall,bad
office_wall,bad
office_wall,bad
office_wall,bad
office_wall,bad
office_wall,bad
office_wall,bad
office_wall,bad
office_wall,bad
office_wall,bad
office_wall,bad
office_wall,bad
office_wall,bad
office_wall,bad
office_wall,bad
office_wall,bad
office_wall,bad
office_wall,bad
office_wall,bad
office_wall,bad
office_wall,bad
office_wall,bad
office_wall,bad
office_wall,bad
office_wall,bad
office_wall,bad
office_wall,bad
office_wall,bad
office_wall,bad
office_wall,bad
office_wall,bad
office_wall,bad
office_wall,bad
office_wall,bad
office_wall,bad
office_wall,bad
office_wall,bad
office_wall,bad
office_wall,bad
office_wall,bad
office_wall,bad
office_wall,bad
office_wall,bad
office_wall,bad
office_wall,bad
office_wall,bad
office_wall,bad
office_wall,bad
office_wall,bad
office_wall,bad
office_wall,bad
office_wall,bad
office_wall,bad
office_wall,bad
office_wall,bad
office_wall,bad
office_wall,bad
office_wall,bad
office_wall,bad
